customer_id,first_name,last_name,signup_date
1,Ella,Johnson,2023-10-15
2,Anna,Walker,2023-11-03
3,Ella,Clark,2023-07-12
4,Tom,Smith,2023-01-07
5,Ella,Martin,2023-05-10
6,Chloe,Lee,2023-09-16
7,Anna,Taylor,2022-02-14
8,Chloe,Johnson,2023-02-05
9,Chloe,Taylor,2022-09-04
10,Sophie,Smith,2023-09-08
11,Anna,Clark,2023-08-20
12,Chloe,Johnson,2023-03-26
13,Sophie,Johnson,2023-04-30
14,Sophie,Young,2023-10-08
15,Anna,Martin,2023-09-12
16,John,Johnson,2022-01-18
17,Daniel,Young,2023-08-29
18,Tom,Young,2023-10-24
19,Daniel,Smith,2022-10-16
20,Ella,Brown,2023-02-18
21,Tom,Taylor,2023-12-22
22,Ella,Clark,2023-09-30
23,Chloe,Hall,2022-08-23
24,James,Taylor,2023-02-20
25,Anna,Johnson,2023-05-14
26,Tom,Clark,2023-09-26
27,Tom,Lee,2023-10-12
28,Chloe,Brown,2022-04-25
29,John,Lee,2023-11-05
30,Sophie,Lee,2023-12-14
31,Chloe,Martin,2022-08-22
32,Maria,Taylor,2023-06-24
33,Sophie,Hall,2022-01-11
34,Anna,Smith,2022-07-25
35,Sophie,Hall,2023-11-10
36,John,Lee,2022-09-04
37,Sophie,Johnson,2023-07-13
38,Anna,Brown,2022-05-07
39,John,Walker,2022-05-27
40,Daniel,Hall,2022-04-28
41,Tom,Lee,2023-01-17
42,Tom,Brown,2023-02-16
43,Ella,Clark,2023-10-26
44,Daniel,Taylor,2023-08-07
45,Daniel,Young,2022-12-29
46,Sophie,Martin,2023-05-24
47,Tom,Brown,2022-05-17
48,Anna,Johnson,2022-06-24
49,Alex,Johnson,2022-10-16
50,Alex,Brown,2023-04-26
51,John,Johnson,2022-01-19
52,Tom,Taylor,2022-07-14
53,Tom,Johnson,2022-11-26
54,Alex,Hall,2022-06-24
55,Tom,Young,2023-03-25
56,Sophie,Johnson,2022-12-20
57,Maria,Young,2023-05-14
58,James,Lee,2022-05-21
59,Daniel,Smith,2022-04-03
60,Ella,Taylor,2022-08-27
61,John,Smith,2022-07-24
62,Maria,Lee,2023-07-14
63,Alex,Taylor,2023-03-09
64,Daniel,Brown,2022-09-02
65,Tom,Brown,2022-11-13
66,Ella,Young,2022-10-22
67,Tom,Lee,2023-10-02
68,Anna,Young,2022-10-09
69,Anna,Martin,2022-01-17
70,Ella,Johnson,2022-03-12
71,Ella,Walker,2022-09-26
72,Alex,Martin,2022-11-21
73,Ella,Johnson,2022-11-01
74,Sophie,Taylor,2023-03-27
75,Tom,Young,2022-01-07
76,Maria,Taylor,2022-11-10
77,Chloe,Taylor,2022-04-13
78,Ella,Johnson,2022-07-12
79,John,Lee,2023-07-28
80,Anna,Johnson,2023-06-13
81,Sophie,Clark,2022-06-20
82,Daniel,Brown,2023-06-21
83,Chloe,Brown,2022-09-08
84,Maria,Martin,2023-01-22
85,Chloe,Brown,2022-07-26
86,Ella,Johnson,2023-06-25
87,Alex,Hall,2023-09-21
88,Anna,Young,2023-02-20
89,Anna,Johnson,2023-01-15
90,Daniel,Johnson,2022-05-24
91,Alex,Walker,2022-01-25
92,Tom,Young,2023-10-30
93,James,Clark,2022-03-14
94,Sophie,Brown,2023-09-24
95,Anna,Young,2022-04-03
96,John,Brown,2023-05-20
97,Anna,Martin,2023-08-21
98,Chloe,Young,2022-12-02
99,Anna,Brown,2023-03-01
100,Anna,Clark,2023-05-14
101,James,Smith,2022-12-30
102,James,Taylor,2023-09-22
103,Maria,Taylor,2022-07-18
104,Tom,Clark,2023-12-19
105,John,Walker,2023-02-17
106,Anna,Smith,2022-12-05
107,Anna,Martin,2023-10-21
108,Sophie,Clark,2023-03-05
109,James,Taylor,2022-05-19
110,John,Taylor,2023-11-24
111,Daniel,Taylor,2023-06-26
112,Maria,Lee,2022-02-26
113,Tom,Clark,2022-08-20
114,Alex,Johnson,2023-10-20
115,Tom,Martin,2023-03-11
116,Chloe,Taylor,2023-01-19
117,Anna,Brown,2023-07-14
118,Maria,Clark,2022-07-13
119,Chloe,Lee,2023-10-10
120,John,Clark,2023-06-18
121,Alex,Martin,2023-06-02
122,James,Lee,2023-12-17
123,Maria,Martin,2022-07-04
124,Maria,Clark,2022-10-19
125,Anna,Johnson,2022-12-01
126,Ella,Martin,2022-04-26
127,Maria,Lee,2022-02-18
128,Sophie,Lee,2023-11-16
129,Alex,Martin,2022-03-23
130,Alex,Hall,2022-11-29
131,Sophie,Clark,2023-07-11
132,Daniel,Hall,2022-12-01
133,Sophie,Walker,2023-06-16
134,Sophie,Clark,2022-08-09
135,Alex,Martin,2023-09-27
136,Tom,Smith,2022-11-19
137,Alex,Martin,2022-01-03
138,Ella,Hall,2023-11-25
139,Anna,Johnson,2022-07-25
140,Chloe,Martin,2022-02-09
141,Tom,Martin,2022-02-28
142,James,Johnson,2023-07-28
143,Chloe,Martin,2023-10-06
144,Anna,Taylor,2023-05-22
145,Ella,Smith,2023-07-26
146,Ella,Brown,2022-05-02
147,James,Smith,2023-04-24
148,Tom,Martin,2023-09-11
149,Daniel,Taylor,2022-04-06
150,Sophie,Clark,2023-02-18
151,Tom,Martin,2022-08-23
152,Daniel,Hall,2022-03-03
153,Ella,Taylor,2022-09-13
154,Alex,Johnson,2023-07-15
155,Anna,Taylor,2022-12-14
156,James,Johnson,2023-11-02
157,Anna,Walker,2022-05-04
158,John,Brown,2023-04-27
159,John,Young,2022-11-13
160,Tom,Taylor,2023-05-19
161,Ella,Lee,2023-12-20
162,Ella,Hall,2022-02-17
163,Sophie,Martin,2023-02-13
164,Sophie,Hall,2022-05-16
165,Sophie,Smith,2022-07-20
166,Alex,Young,2022-09-07
167,Chloe,Smith,2022-11-10
168,Maria,Walker,2023-01-03
169,Chloe,Young,2023-03-05
170,Anna,Young,2023-04-25
171,Chloe,Smith,2022-11-10
172,Alex,Johnson,2023-05-15
173,Anna,Smith,2023-12-22
174,Chloe,Hall,2022-12-21
175,Alex,Johnson,2023-04-30
176,Maria,Hall,2022-07-30
177,Chloe,Walker,2023-12-05
178,Alex,Martin,2022-02-13
179,Sophie,Clark,2023-06-25
180,Ella,Johnson,2023-07-25
181,Sophie,Walker,2023-08-06
182,Ella,Lee,2022-04-02
183,James,Walker,2022-09-22
184,James,Smith,2022-08-08
185,James,Smith,2023-03-18
186,Maria,Clark,2023-02-05
187,Sophie,Walker,2023-02-04
188,Ella,Brown,2023-12-28
189,Alex,Martin,2023-07-30
190,Anna,Smith,2023-05-05
191,Alex,Clark,2023-04-30
192,Anna,Martin,2023-04-15
193,John,Walker,2023-07-28
194,Alex,Walker,2023-11-13
195,Chloe,Young,2023-03-21
196,Chloe,Clark,2022-09-26
197,Tom,Smith,2022-09-24
198,Sophie,Brown,2022-02-23
199,Anna,Walker,2023-06-12
200,Anna,Brown,2023-06-04
201,Sophie,Walker,2023-09-08
202,Maria,Smith,2022-02-28
203,Tom,Martin,2022-02-09
204,Maria,Taylor,2022-08-25
205,Maria,Martin,2023-01-21
206,Maria,Walker,2023-08-29
207,Sophie,Hall,2023-12-17
208,Maria,Taylor,2023-10-12
209,Chloe,Taylor,2022-10-27
210,James,Brown,2023-01-30
211,John,Clark,2022-07-26
212,Anna,Brown,2022-12-02
213,Anna,Brown,2023-08-16
214,John,Hall,2023-12-31
215,Sophie,Martin,2023-05-29
216,Alex,Martin,2022-06-27
217,Sophie,Lee,2023-01-31
218,Anna,Walker,2023-01-06
219,Anna,Hall,2023-10-20
220,John,Lee,2022-11-14
221,Maria,Smith,2023-01-04
222,Sophie,Walker,2023-01-19
223,Ella,Walker,2022-03-03
224,John,Young,2023-05-20
225,Chloe,Young,2022-08-27
226,Anna,Johnson,2022-07-14
227,John,Johnson,2023-11-09
228,Sophie,Brown,2022-08-10
229,Anna,Smith,2022-03-02
230,Alex,Taylor,2022-05-09
231,John,Taylor,2023-11-16
232,Tom,Young,2022-06-05
233,Anna,Young,2023-01-13
234,Sophie,Young,2023-09-14
235,James,Hall,2023-08-09
236,Ella,Clark,2023-03-13
237,Daniel,Johnson,2022-07-26
238,Maria,Hall,2023-01-23
239,Daniel,Martin,2023-04-25
240,Sophie,Taylor,2022-12-06
241,Chloe,Walker,2022-12-06
242,Chloe,Johnson,2022-07-23
243,James,Lee,2022-06-10
244,Maria,Martin,2023-06-24
245,Tom,Johnson,2023-01-27
246,James,Hall,2023-11-08
247,Daniel,Smith,2023-07-29
248,James,Walker,2023-06-18
249,Daniel,Johnson,2022-03-11
250,Anna,Clark,2023-02-09
251,Chloe,Young,2023-08-31
252,Anna,Young,2023-11-06
253,Ella,Walker,2023-08-14
254,Maria,Hall,2023-06-01
255,Tom,Young,2022-04-30
256,Daniel,Johnson,2023-11-21
257,Tom,Lee,2023-11-19
258,Daniel,Taylor,2022-08-05
259,Sophie,Taylor,2022-02-25
260,James,Martin,2023-01-01
261,Ella,Brown,2023-11-30
262,Chloe,Smith,2023-05-19
263,Daniel,Walker,2023-03-31
264,Tom,Martin,2022-04-14
265,Ella,Brown,2022-03-18
266,Alex,Hall,2022-08-18
267,Alex,Clark,2022-09-15
268,Anna,Clark,2022-09-21
269,Chloe,Smith,2022-11-27
270,Sophie,Young,2022-07-01
271,Tom,Johnson,2023-07-04
272,James,Martin,2023-11-19
273,James,Martin,2022-01-27
274,Tom,Walker,2022-10-03
275,Maria,Walker,2023-10-14
276,Sophie,Clark,2022-10-26
277,Ella,Clark,2022-04-01
278,Daniel,Lee,2023-04-25
279,Maria,Lee,2023-07-27
280,Daniel,Young,2023-04-03
281,Daniel,Lee,2023-03-27
282,Maria,Johnson,2022-12-31
283,Anna,Johnson,2023-11-06
284,Alex,Martin,2022-12-17
285,Daniel,Taylor,2023-10-17
286,Maria,Johnson,2023-02-04
287,Maria,Brown,2022-09-10
288,John,Clark,2023-04-04
289,Anna,Walker,2023-11-30
290,Chloe,Lee,2023-05-14
291,John,Martin,2023-05-23
292,John,Smith,2022-10-31
293,Tom,Walker,2023-05-16
294,Alex,Brown,2023-08-21
295,Maria,Lee,2022-06-15
296,Alex,Brown,2023-02-19
297,Sophie,Clark,2023-04-07
298,Tom,Clark,2022-04-24
299,Chloe,Young,2023-03-09
300,Alex,Martin,2022-12-22
301,James,Walker,2023-11-26
302,Daniel,Hall,2022-07-26
303,Sophie,Hall,2022-08-23
304,Anna,Walker,2023-03-18
305,Chloe,Smith,2022-12-21
306,Sophie,Martin,2023-05-30
307,Daniel,Brown,2022-07-27
308,Tom,Smith,2023-12-10
309,Daniel,Taylor,2022-05-05
310,John,Walker,2022-05-18
311,Daniel,Brown,2022-12-05
312,John,Hall,2023-06-21
313,Tom,Johnson,2022-03-09
314,Ella,Young,2023-07-27
315,John,Hall,2023-06-25
316,Anna,Martin,2023-01-18
317,Daniel,Clark,2022-01-19
318,Daniel,Johnson,2023-11-14
319,Anna,Young,2023-03-26
320,James,Young,2022-03-15
321,Maria,Taylor,2023-07-27
322,Ella,Taylor,2023-10-27
323,Chloe,Lee,2022-10-03
324,John,Hall,2022-02-17
325,Anna,Hall,2022-07-30
326,Tom,Hall,2023-10-13
327,John,Lee,2023-09-14
328,Maria,Smith,2023-11-26
329,Tom,Young,2023-06-24
330,Sophie,Johnson,2023-12-10
331,Daniel,Martin,2022-07-10
332,Sophie,Young,2022-11-11
333,John,Taylor,2023-07-17
334,Maria,Brown,2023-10-23
335,Ella,Clark,2023-07-16
336,John,Lee,2022-04-23
337,Anna,Walker,2022-06-19
338,Alex,Brown,2023-04-13
339,John,Martin,2023-11-09
340,Daniel,Hall,2022-01-14
341,Daniel,Taylor,2023-12-16
342,John,Taylor,2022-10-15
343,Tom,Taylor,2022-07-08
344,Alex,Hall,2022-06-04
345,Anna,Walker,2023-07-21
346,John,Lee,2023-11-25
347,Tom,Brown,2023-12-23
348,Daniel,Hall,2023-04-16
349,Daniel,Martin,2022-03-16
350,Maria,Lee,2022-10-04
351,John,Martin,2023-10-07
352,Alex,Lee,2022-12-09
353,James,Walker,2023-03-01
354,Alex,Clark,2023-07-25
355,Daniel,Martin,2023-05-26
356,Daniel,Hall,2022-07-01
357,Sophie,Lee,2023-04-03
358,Daniel,Taylor,2022-03-05
359,Anna,Young,2022-09-17
360,Chloe,Taylor,2022-07-12
361,John,Smith,2023-10-17
362,Alex,Clark,2023-09-08
363,Chloe,Clark,2023-02-10
364,Tom,Taylor,2023-12-27
365,James,Brown,2023-12-22
366,Anna,Walker,2022-04-03
367,Alex,Martin,2023-03-06
368,Chloe,Hall,2023-10-16
369,James,Clark,2023-03-10
370,Sophie,Taylor,2023-02-08
371,Anna,Taylor,2023-03-10
372,Anna,Walker,2022-04-22
373,Sophie,Walker,2023-01-10
374,John,Johnson,2022-02-28
375,Sophie,Johnson,2022-02-12
376,Anna,Brown,2022-07-26
377,Anna,Brown,2022-10-23
378,Chloe,Smith,2022-04-28
379,Daniel,Brown,2023-06-16
380,James,Lee,2022-08-10
381,Sophie,Walker,2022-06-15
382,James,Hall,2023-10-05
383,Sophie,Lee,2022-06-05
384,Tom,Martin,2022-07-03
385,Anna,Taylor,2022-03-31
386,Daniel,Brown,2022-04-04
387,Chloe,Taylor,2022-01-13
388,Daniel,Clark,2023-03-14
389,Daniel,Smith,2023-06-22
390,Daniel,Clark,2023-08-10
391,James,Smith,2022-05-30
392,Sophie,Johnson,2023-10-22
393,Ella,Taylor,2022-01-08
394,Tom,Smith,2022-01-29
395,Alex,Young,2022-10-23
396,Daniel,Lee,2023-12-22
397,John,Smith,2023-10-02
398,James,Smith,2022-12-06
399,Chloe,Lee,2023-09-20
400,Alex,Taylor,2023-03-15
401,Ella,Taylor,2022-05-24
402,John,Lee,2023-06-03
403,Ella,Clark,2022-02-14
404,Alex,Young,2022-08-27
405,Daniel,Hall,2022-06-04
406,John,Martin,2022-06-30
407,Ella,Young,2022-08-03
408,Chloe,Taylor,2022-03-29
409,Sophie,Hall,2022-09-13
410,Anna,Johnson,2023-05-26
411,Sophie,Brown,2022-03-14
412,Alex,Smith,2022-06-28
413,James,Lee,2022-07-31
414,Anna,Lee,2022-08-22
415,Tom,Smith,2023-04-10
416,Chloe,Brown,2022-08-11
417,Tom,Martin,2023-09-23
418,John,Brown,2022-09-21
419,Anna,Hall,2022-07-26
420,Tom,Brown,2023-08-30
421,Tom,Hall,2023-01-01
422,Ella,Brown,2022-10-03
423,Sophie,Martin,2023-01-15
424,Ella,Martin,2022-11-05
425,Anna,Taylor,2023-09-23
426,Anna,Smith,2022-09-25
427,Alex,Martin,2022-03-05
428,Ella,Hall,2022-12-16
429,Maria,Martin,2023-05-09
430,Sophie,Taylor,2023-06-07
431,Anna,Lee,2022-04-08
432,Alex,Hall,2022-03-12
433,Ella,Taylor,2022-12-30
434,Sophie,Clark,2023-07-24
435,Ella,Clark,2022-10-03
436,Tom,Johnson,2022-02-19
437,Alex,Brown,2022-12-24
438,Sophie,Smith,2023-12-29
439,Daniel,Walker,2023-07-18
440,John,Young,2023-04-30
441,John,Taylor,2022-03-25
442,Sophie,Lee,2023-09-30
443,Ella,Young,2023-08-07
444,Alex,Lee,2022-10-23
445,John,Young,2022-08-24
446,Alex,Taylor,2022-02-25
447,John,Walker,2022-12-26
448,Tom,Young,2022-04-20
449,Ella,Taylor,2022-07-11
450,Tom,Martin,2022-04-03
451,John,Walker,2023-07-22
452,Daniel,Hall,2022-03-01
453,Daniel,Lee,2023-10-12
454,Tom,Clark,2022-02-08
455,Daniel,Brown,2023-06-24
456,John,Clark,2022-02-18
457,Sophie,Walker,2023-02-24
458,Tom,Hall,2023-09-29
459,James,Lee,2022-01-13
460,Ella,Hall,2022-02-05
461,Daniel,Young,2022-04-11
462,Daniel,Lee,2022-03-27
463,Anna,Young,2023-05-31
464,Maria,Taylor,2022-08-11
465,Tom,Walker,2022-12-04
466,Chloe,Taylor,2022-06-15
467,Daniel,Johnson,2023-01-18
468,Ella,Hall,2023-01-11
469,James,Young,2023-04-16
470,Daniel,Martin,2023-10-04
471,James,Taylor,2022-01-31
472,John,Johnson,2023-01-10
473,John,Smith,2022-01-11
474,Maria,Clark,2022-10-29
475,Sophie,Lee,2022-04-06
476,Chloe,Johnson,2022-07-09
477,Anna,Walker,2023-03-29
478,Maria,Taylor,2022-07-11
479,Alex,Walker,2023-05-01
480,Anna,Clark,2022-09-23
481,Tom,Martin,2023-02-28
482,Ella,Hall,2022-05-08
483,Alex,Hall,2022-08-26
484,Alex,Walker,2022-12-21
485,Maria,Young,2022-04-22
486,Sophie,Martin,2023-03-22
487,Maria,Hall,2022-12-09
488,Tom,Martin,2022-05-25
489,Daniel,Johnson,2022-03-06
490,Daniel,Martin,2022-09-04
491,Sophie,Brown,2023-05-05
492,Tom,Clark,2023-03-15
493,Sophie,Hall,2022-04-16
494,James,Martin,2022-06-30
495,Daniel,Walker,2022-07-03
496,Alex,Smith,2022-08-14
497,Chloe,Brown,2022-03-30
498,Ella,Brown,2023-11-19
499,Tom,Young,2023-06-14
500,Anna,Martin,2023-01-06
501,Sophie,Young,2023-02-03
502,Ella,Young,2022-04-16
503,Anna,Smith,2022-09-28
504,Ella,Johnson,2023-05-18
505,Chloe,Martin,2023-11-10
506,Anna,Taylor,2023-06-09
507,Maria,Hall,2022-02-01
508,John,Young,2023-01-28
509,Maria,Clark,2022-02-09
510,Daniel,Lee,2023-10-22
511,John,Clark,2022-08-06
512,Maria,Smith,2022-03-23
513,John,Smith,2023-12-21
514,John,Walker,2022-07-20
515,Alex,Johnson,2023-03-23
516,Sophie,Hall,2023-03-04
517,Sophie,Young,2022-02-07
518,Alex,Clark,2022-07-30
519,Ella,Lee,2023-03-20
520,James,Smith,2022-11-23
521,Ella,Smith,2022-08-15
522,Anna,Johnson,2022-02-17
523,Anna,Lee,2022-01-18
524,John,Lee,2023-03-15
525,Maria,Johnson,2023-12-09
526,Maria,Smith,2022-07-06
527,Sophie,Hall,2022-12-11
528,Tom,Martin,2022-08-12
529,Ella,Martin,2023-05-03
530,Daniel,Johnson,2022-08-17
531,Chloe,Lee,2023-01-25
532,Maria,Young,2023-08-12
533,Chloe,Johnson,2022-07-07
534,John,Hall,2022-09-27
535,Chloe,Johnson,2023-08-30
536,Daniel,Brown,2022-11-06
537,Alex,Clark,2022-05-12
538,Daniel,Lee,2023-07-05
539,Chloe,Walker,2022-03-13
540,Daniel,Walker,2023-11-03
541,James,Lee,2022-07-06
542,John,Hall,2023-05-01
543,Ella,Brown,2022-07-10
544,Alex,Brown,2023-02-26
545,Maria,Smith,2022-04-30
546,Anna,Clark,2022-08-08
547,Ella,Martin,2022-02-22
548,Anna,Taylor,2023-03-27
549,John,Hall,2023-02-16
550,Alex,Taylor,2023-10-05
551,Sophie,Taylor,2022-08-25
552,Maria,Lee,2023-12-21
553,James,Walker,2023-02-10
554,Sophie,Walker,2023-08-31
555,John,Martin,2023-02-26
556,Ella,Lee,2023-12-13
557,James,Taylor,2022-09-04
558,Daniel,Young,2022-03-13
559,Chloe,Walker,2022-07-04
560,James,Hall,2022-01-06
561,John,Hall,2022-07-25
562,Tom,Smith,2023-06-28
563,Chloe,Johnson,2023-09-03
564,Anna,Young,2023-01-22
565,Maria,Walker,2023-11-30
566,Anna,Brown,2022-03-17
567,James,Walker,2022-06-26
568,Anna,Smith,2022-12-15
569,John,Hall,2022-09-12
570,Daniel,Taylor,2023-12-03
571,Ella,Brown,2022-11-04
572,Maria,Lee,2022-12-11
573,Anna,Clark,2022-05-07
574,Anna,Taylor,2022-10-14
575,James,Clark,2023-12-26
576,Ella,Young,2023-08-19
577,Sophie,Johnson,2023-05-02
578,Anna,Brown,2023-01-18
579,John,Martin,2023-02-10
580,Tom,Brown,2023-01-23
581,Maria,Walker,2023-06-09
582,Anna,Hall,2023-07-11
583,John,Walker,2023-10-01
584,John,Walker,2023-09-18
585,Maria,Young,2022-10-03
586,Sophie,Taylor,2023-05-15
587,John,Martin,2023-12-18
588,Tom,Martin,2022-12-03
589,John,Walker,2023-04-26
590,John,Clark,2022-09-30
591,John,Young,2022-02-27
592,Daniel,Walker,2022-11-24
593,Daniel,Johnson,2022-04-19
594,Sophie,Hall,2022-10-06
595,Anna,Taylor,2023-11-17
596,John,Lee,2022-11-24
597,Ella,Johnson,2022-11-11
598,Anna,Clark,2023-04-19
599,Sophie,Brown,2022-04-21
600,Alex,Brown,2023-11-30
601,Anna,Johnson,2022-08-17
602,Anna,Walker,2023-05-12
603,Chloe,Lee,2022-06-05
604,James,Smith,2023-04-18
605,Chloe,Smith,2023-12-02
606,Tom,Clark,2022-09-29
607,Daniel,Walker,2022-01-02
608,Daniel,Martin,2023-12-23
609,James,Martin,2023-05-26
610,Maria,Taylor,2022-10-13
611,Maria,Lee,2022-01-13
612,Sophie,Lee,2023-08-31
613,James,Brown,2023-05-13
614,Anna,Young,2022-08-26
615,Maria,Clark,2022-04-04
616,John,Smith,2022-12-04
617,Ella,Clark,2022-06-20
618,Anna,Martin,2023-08-29
619,Tom,Martin,2023-10-23
620,John,Johnson,2023-09-16
621,John,Taylor,2023-07-21
622,James,Lee,2023-04-12
623,Sophie,Hall,2023-09-20
624,Tom,Clark,2022-05-23
625,Maria,Martin,2022-07-20
626,James,Young,2022-06-29
627,Maria,Brown,2023-12-15
628,James,Smith,2022-12-30
629,James,Taylor,2023-04-24
630,James,Young,2023-07-19
631,Sophie,Taylor,2023-04-16
632,James,Johnson,2023-01-19
633,Alex,Hall,2023-11-23
634,Ella,Martin,2023-02-21
635,Maria,Brown,2022-11-04
636,Anna,Young,2023-10-11
637,Chloe,Taylor,2023-11-25
638,Tom,Lee,2023-01-02
639,Daniel,Johnson,2022-01-01
640,Sophie,Lee,2022-02-13
641,Anna,Brown,2022-04-08
642,John,Young,2023-12-21
643,Alex,Johnson,2022-09-22
644,Daniel,Young,2022-05-20
645,Chloe,Martin,2023-04-26
646,Anna,Walker,2022-08-25
647,Daniel,Johnson,2022-03-13
648,Anna,Lee,2023-10-29
649,Alex,Brown,2022-07-09
650,Chloe,Hall,2022-09-25
651,John,Martin,2022-11-17
652,James,Walker,2022-04-17
653,Maria,Hall,2022-08-20
654,John,Smith,2022-02-11
655,James,Martin,2023-12-03
656,Sophie,Brown,2022-05-19
657,Ella,Taylor,2023-09-07
658,Tom,Johnson,2023-11-14
659,Tom,Young,2022-09-30
660,Maria,Brown,2023-04-26
661,Chloe,Johnson,2023-02-20
662,Alex,Hall,2023-05-21
663,Chloe,Young,2023-12-26
664,Alex,Clark,2023-02-28
665,Chloe,Lee,2023-02-11
666,Ella,Smith,2023-07-22
667,Sophie,Martin,2023-01-25
668,Sophie,Brown,2022-12-08
669,James,Smith,2023-09-06
670,Daniel,Taylor,2023-05-08
671,Sophie,Johnson,2022-07-11
672,Sophie,Johnson,2023-05-14
673,John,Brown,2023-12-13
674,John,Walker,2022-08-21
675,James,Walker,2022-08-15
676,Daniel,Clark,2023-01-06
677,Maria,Lee,2022-05-19
678,John,Young,2022-05-29
679,Maria,Taylor,2022-04-25
680,Anna,Smith,2023-03-26
681,John,Walker,2022-03-04
682,Ella,Clark,2022-04-14
683,Daniel,Clark,2023-10-30
684,James,Brown,2022-09-30
685,Anna,Taylor,2022-01-06
686,Daniel,Hall,2022-05-27
687,Ella,Young,2022-07-03
688,Daniel,Lee,2022-01-28
689,Ella,Martin,2023-07-04
690,Ella,Brown,2022-04-29
691,Maria,Young,2022-10-20
692,Chloe,Martin,2023-01-06
693,Anna,Martin,2022-09-01
694,Daniel,Taylor,2023-08-03
695,Alex,Taylor,2023-12-27
696,Anna,Smith,2022-08-06
697,Chloe,Clark,2022-06-26
698,Anna,Young,2022-10-26
699,Sophie,Brown,2023-11-07
700,Alex,Johnson,2022-02-27
701,Chloe,Brown,2022-09-26
702,Maria,Smith,2022-11-04
703,Daniel,Lee,2023-07-24
704,Tom,Clark,2022-10-15
705,Chloe,Johnson,2022-04-15
706,James,Walker,2022-08-16
707,Daniel,Lee,2022-09-04
708,Chloe,Taylor,2023-12-01
709,Sophie,Martin,2023-05-09
710,Tom,Walker,2022-03-24
711,Sophie,Brown,2022-07-05
712,Tom,Brown,2022-09-09
713,James,Taylor,2022-12-21
714,Daniel,Smith,2023-11-27
715,Maria,Young,2022-07-29
716,Sophie,Walker,2023-09-01
717,Sophie,Walker,2023-03-23
718,Ella,Hall,2023-04-05
719,Tom,Lee,2023-04-17
720,John,Clark,2023-12-21
721,Daniel,Lee,2023-01-05
722,Tom,Young,2023-05-07
723,Ella,Brown,2022-05-17
724,Anna,Brown,2023-01-02
725,Tom,Brown,2022-07-03
726,Maria,Hall,2023-08-11
727,Daniel,Brown,2022-10-14
728,Ella,Young,2023-04-17
729,Anna,Taylor,2023-01-10
730,Alex,Clark,2023-10-16
731,Ella,Young,2023-06-21
732,Alex,Clark,2023-05-26
733,Daniel,Young,2023-08-02
734,Sophie,Brown,2022-09-07
735,Ella,Taylor,2023-05-25
736,James,Walker,2023-09-22
737,Alex,Lee,2022-03-14
738,Maria,Martin,2022-10-09
739,James,Taylor,2022-12-26
740,Chloe,Walker,2022-01-10
741,Chloe,Smith,2022-07-30
742,Anna,Young,2022-06-01
743,Sophie,Smith,2022-01-05
744,Daniel,Walker,2022-07-14
745,Ella,Taylor,2022-10-10
746,John,Young,2023-04-09
747,Maria,Martin,2022-04-23
748,Alex,Brown,2022-09-28
749,Daniel,Young,2022-06-12
750,James,Young,2023-04-05
751,Chloe,Taylor,2022-04-15
752,Maria,Taylor,2023-11-24
753,John,Walker,2023-07-10
754,Ella,Johnson,2022-10-09
755,Anna,Young,2023-11-18
756,John,Lee,2022-06-11
757,Maria,Young,2022-12-17
758,John,Walker,2023-03-10
759,Maria,Clark,2022-05-20
760,Maria,Smith,2023-04-16
761,Tom,Brown,2022-05-12
762,Alex,Johnson,2022-03-28
763,Chloe,Martin,2023-11-19
764,Tom,Martin,2022-07-02
765,Ella,Martin,2023-01-03
766,Tom,Taylor,2022-05-09
767,Sophie,Martin,2022-09-03
768,Sophie,Brown,2023-08-24
769,Chloe,Smith,2023-08-01
770,John,Martin,2023-11-01
771,Alex,Young,2023-01-13
772,Chloe,Young,2022-05-29
773,Maria,Taylor,2023-03-09
774,James,Brown,2023-09-20
775,Alex,Smith,2023-12-27
776,Alex,Johnson,2023-04-14
777,Maria,Walker,2023-03-22
778,Maria,Smith,2023-04-26
779,Anna,Walker,2022-10-21
780,Chloe,Clark,2022-05-23
781,Maria,Walker,2022-09-07
782,Sophie,Lee,2022-10-29
783,Ella,Young,2022-01-25
784,James,Brown,2022-03-11
785,Chloe,Hall,2023-09-17
786,Daniel,Taylor,2022-04-22
787,Sophie,Lee,2022-12-30
788,John,Walker,2022-10-30
789,Maria,Martin,2023-04-16
790,Daniel,Brown,2022-04-01
791,Maria,Lee,2023-06-14
792,Alex,Taylor,2023-10-23
793,Sophie,Young,2023-12-27
794,Alex,Brown,2023-10-25
795,Anna,Taylor,2022-07-11
796,Alex,Clark,2023-07-06
797,Anna,Clark,2022-08-30
798,Anna,Taylor,2022-05-18
799,Daniel,Lee,2022-12-11
800,Maria,Brown,2022-06-29
801,John,Lee,2023-12-13
802,Alex,Johnson,2023-05-18
803,Sophie,Walker,2022-07-22
804,Anna,Johnson,2023-07-27
805,Maria,Clark,2022-07-11
806,James,Young,2022-01-05
807,Chloe,Smith,2022-08-25
808,Daniel,Walker,2023-11-24
809,John,Clark,2022-11-07
810,Tom,Lee,2023-07-03
811,Daniel,Lee,2022-02-25
812,James,Lee,2023-03-19
813,Chloe,Young,2022-08-25
814,James,Johnson,2022-07-16
815,Alex,Smith,2023-08-08
816,Anna,Lee,2023-07-25
817,John,Hall,2023-05-29
818,Ella,Walker,2023-03-25
819,Anna,Brown,2022-12-26
820,Ella,Hall,2023-12-01
821,Chloe,Smith,2022-01-30
822,Maria,Young,2022-04-18
823,Tom,Smith,2023-08-25
824,Sophie,Brown,2023-12-18
825,Anna,Walker,2023-03-21
826,John,Brown,2023-03-14
827,James,Taylor,2023-08-29
828,John,Walker,2023-04-02
829,Chloe,Smith,2023-09-07
830,Ella,Lee,2023-11-29
831,James,Smith,2023-11-27
832,Sophie,Smith,2023-05-10
833,Sophie,Walker,2023-11-05
834,Anna,Taylor,2022-09-04
835,Chloe,Smith,2023-06-27
836,Maria,Hall,2023-07-18
837,Chloe,Clark,2023-08-11
838,Ella,Martin,2023-03-15
839,John,Martin,2022-10-05
840,Sophie,Smith,2023-07-06
841,John,Hall,2023-09-05
842,John,Lee,2022-04-21
843,John,Young,2023-01-20
844,Sophie,Young,2022-07-10
845,Daniel,Walker,2023-05-05
846,Alex,Martin,2023-11-25
847,Ella,Smith,2023-03-02
848,Daniel,Young,2023-02-09
849,Ella,Smith,2022-12-01
850,James,Walker,2022-07-28
851,Chloe,Martin,2022-01-22
852,Chloe,Brown,2023-11-09
853,Tom,Clark,2023-09-03
854,Chloe,Clark,2022-07-27
855,Sophie,Young,2022-01-08
856,Maria,Clark,2023-12-03
857,Anna,Brown,2023-11-18
858,Tom,Smith,2023-06-13
859,Anna,Walker,2023-08-25
860,Ella,Brown,2023-10-15
861,Anna,Walker,2023-10-19
862,Anna,Walker,2022-06-15
863,Tom,Martin,2023-05-11
864,James,Smith,2023-08-13
865,John,Hall,2023-03-05
866,Chloe,Clark,2022-06-12
867,Chloe,Hall,2023-01-01
868,Sophie,Martin,2023-06-10
869,Tom,Walker,2022-08-27
870,Sophie,Young,2022-03-13
871,Maria,Clark,2023-03-21
872,Maria,Clark,2023-10-17
873,Sophie,Smith,2023-05-24
874,Tom,Taylor,2022-09-26
875,Sophie,Johnson,2023-02-19
876,Chloe,Johnson,2022-09-02
877,Daniel,Johnson,2023-11-06
878,Alex,Taylor,2022-03-01
879,Anna,Smith,2022-01-06
880,Alex,Taylor,2023-12-10
881,Tom,Johnson,2023-07-24
882,Alex,Martin,2023-02-11
883,Maria,Brown,2022-08-05
884,Ella,Walker,2022-01-26
885,Anna,Taylor,2022-01-05
886,John,Smith,2023-06-16
887,Tom,Smith,2023-01-25
888,Anna,Hall,2023-12-11
889,Alex,Brown,2023-07-25
890,Maria,Young,2023-03-24
891,James,Clark,2022-05-26
892,Daniel,Johnson,2023-01-23
893,John,Young,2022-09-06
894,Daniel,Hall,2023-06-10
895,Anna,Johnson,2023-04-07
896,Maria,Brown,2022-01-13
897,Maria,Hall,2023-01-19
898,Alex,Johnson,2023-07-10
899,Chloe,Brown,2023-02-03
900,Alex,Lee,2022-01-19
901,Chloe,Young,2023-07-29
902,Chloe,Young,2023-05-06
903,John,Clark,2023-02-23
904,Alex,Brown,2022-12-03
905,James,Taylor,2023-02-23
906,Sophie,Lee,2023-09-04
907,Sophie,Martin,2023-11-06
908,Alex,Johnson,2022-05-02
909,Alex,Lee,2023-03-08
910,Daniel,Brown,2022-02-13
911,John,Walker,2022-11-13
912,Alex,Johnson,2023-01-16
913,Daniel,Smith,2022-05-25
914,Chloe,Young,2022-11-23
915,Maria,Brown,2022-12-29
916,Maria,Smith,2022-02-19
917,Chloe,Clark,2022-03-06
918,Tom,Hall,2022-12-21
919,Daniel,Martin,2022-06-13
920,Daniel,Martin,2022-05-21
921,Chloe,Smith,2022-05-08
922,James,Young,2023-02-02
923,Ella,Clark,2023-04-08
924,Anna,Walker,2022-07-06
925,Chloe,Young,2023-12-21
926,Alex,Lee,2022-07-09
927,Alex,Martin,2023-01-23
928,John,Lee,2023-03-05
929,Chloe,Johnson,2022-10-11
930,John,Taylor,2022-08-25
931,Chloe,Brown,2022-07-13
932,Daniel,Clark,2022-10-14
933,Anna,Young,2022-05-16
934,Daniel,Martin,2022-06-20
935,Ella,Lee,2022-06-08
936,Maria,Hall,2022-07-20
937,Sophie,Johnson,2023-05-02
938,Chloe,Brown,2023-07-11
939,Ella,Brown,2023-08-06
940,Maria,Young,2023-05-19
941,Tom,Clark,2023-01-06
942,Anna,Walker,2022-04-13
943,John,Hall,2022-05-05
944,John,Young,2022-11-09
945,Daniel,Lee,2023-04-03
946,Alex,Taylor,2022-08-18
947,Maria,Smith,2023-10-20
948,Tom,Walker,2022-07-16
949,Ella,Clark,2023-02-27
950,Anna,Johnson,2023-07-26
951,Maria,Walker,2023-09-02
952,Tom,Martin,2022-06-20
953,Sophie,Clark,2023-01-17
954,Chloe,Taylor,2022-06-22
955,John,Martin,2023-10-25
956,Ella,Walker,2023-03-29
957,John,Smith,2022-12-16
958,Ella,Smith,2023-09-26
959,Daniel,Taylor,2023-05-09
960,Alex,Brown,2023-09-12
961,Ella,Hall,2022-01-04
962,John,Johnson,2022-04-03
963,Daniel,Brown,2022-01-06
964,Ella,Smith,2022-10-15
965,Sophie,Smith,2023-09-10
966,Alex,Lee,2022-05-26
967,Ella,Martin,2023-02-28
968,Daniel,Walker,2023-08-31
969,Maria,Johnson,2023-04-02
970,James,Taylor,2022-07-21
971,Tom,Walker,2022-07-31
972,James,Lee,2022-01-06
973,James,Smith,2023-09-16
974,Anna,Taylor,2023-01-11
975,Sophie,Smith,2023-03-23
976,Maria,Johnson,2022-04-16
977,Chloe,Martin,2023-10-13
978,Ella,Walker,2023-02-05
979,Tom,Walker,2022-04-06
980,Alex,Brown,2023-01-23
981,Maria,Taylor,2023-03-28
982,John,Hall,2023-02-20
983,Chloe,Lee,2023-12-27
984,Anna,Hall,2023-05-19
985,Anna,Brown,2023-03-30
986,Maria,Johnson,2022-10-18
987,Daniel,Lee,2023-06-18
988,James,Martin,2022-07-12
989,John,Hall,2022-05-30
990,Anna,Martin,2023-05-30
991,Tom,Hall,2023-01-28
992,Anna,Martin,2022-11-12
993,Alex,Hall,2022-03-17
994,Ella,Martin,2023-08-22
995,Anna,Brown,2022-09-27
996,Alex,Clark,2022-08-13
997,Maria,Lee,2023-06-14
998,Maria,Taylor,2022-04-23
999,Chloe,Johnson,2022-09-08
1000,Anna,Young,2022-08-21
1001,Tom,Smith,2023-12-15
1002,Anna,Taylor,2022-03-24
1003,Tom,Smith,2022-05-05
1004,Sophie,Lee,2022-06-24
1005,Chloe,Taylor,2022-03-10
1006,Sophie,Martin,2022-02-16
1007,Anna,Martin,2022-09-13
1008,Chloe,Young,2023-12-28
1009,Sophie,Smith,2022-01-30
1010,James,Johnson,2022-10-08
1011,Anna,Lee,2022-08-25
1012,Sophie,Martin,2022-09-05
1013,James,Clark,2023-01-03
1014,James,Brown,2023-05-10
1015,Maria,Brown,2022-01-25
1016,Anna,Hall,2023-08-09
1017,James,Johnson,2023-12-19
1018,Maria,Brown,2023-05-05
1019,Sophie,Hall,2023-05-09
1020,Alex,Smith,2022-11-10
1021,Anna,Martin,2023-08-29
1022,Chloe,Martin,2023-01-10
1023,Tom,Clark,2023-10-01
1024,Tom,Taylor,2022-01-25
1025,Sophie,Brown,2022-11-30
1026,Daniel,Smith,2022-12-21
1027,Daniel,Walker,2022-04-26
1028,Sophie,Brown,2022-02-17
1029,James,Johnson,2022-04-09
1030,Anna,Taylor,2023-04-04
1031,Tom,Brown,2023-06-07
1032,Tom,Smith,2023-08-20
1033,James,Brown,2023-02-09
1034,Tom,Johnson,2022-08-02
1035,Chloe,Walker,2023-11-16
1036,Anna,Lee,2023-05-18
1037,Ella,Young,2023-12-22
1038,Tom,Walker,2023-03-24
1039,Sophie,Hall,2023-07-30
1040,Chloe,Brown,2022-09-15
1041,Tom,Martin,2022-05-01
1042,Chloe,Clark,2022-02-23
1043,Maria,Martin,2022-11-27
1044,Ella,Walker,2022-08-29
1045,John,Martin,2023-06-14
1046,Sophie,Smith,2023-04-28
1047,Sophie,Martin,2022-07-06
1048,Anna,Taylor,2023-10-18
1049,Chloe,Lee,2022-09-19
1050,James,Brown,2022-12-30
1051,Sophie,Martin,2023-05-06
1052,Chloe,Johnson,2023-03-07
1053,Chloe,Lee,2022-08-27
1054,Alex,Lee,2022-10-31
1055,Alex,Martin,2022-10-25
1056,John,Lee,2022-03-17
1057,Maria,Clark,2023-12-01
1058,John,Martin,2022-11-29
1059,Tom,Smith,2023-10-04
1060,James,Walker,2023-04-19
1061,Tom,Taylor,2022-10-10
1062,Daniel,Young,2023-08-14
1063,Tom,Hall,2022-03-13
1064,Anna,Lee,2022-09-20
1065,Tom,Smith,2023-12-04
1066,John,Brown,2023-07-29
1067,Sophie,Brown,2022-01-12
1068,Sophie,Hall,2022-05-21
1069,Alex,Taylor,2023-07-09
1070,James,Lee,2022-01-17
1071,James,Clark,2022-03-04
1072,Anna,Hall,2022-09-10
1073,John,Taylor,2023-04-10
1074,Alex,Lee,2023-01-11
1075,Daniel,Smith,2023-06-04
1076,James,Walker,2022-03-31
1077,Sophie,Clark,2023-12-21
1078,Tom,Young,2023-09-22
1079,Tom,Brown,2022-06-24
1080,Alex,Johnson,2022-03-17
1081,John,Smith,2023-09-05
1082,John,Brown,2023-10-25
1083,Maria,Martin,2023-02-04
1084,Ella,Johnson,2022-03-12
1085,James,Brown,2022-06-29
1086,John,Taylor,2022-05-04
1087,Sophie,Clark,2023-01-16
1088,Alex,Brown,2022-10-20
1089,Daniel,Young,2022-07-14
1090,Maria,Walker,2022-08-16
1091,Chloe,Taylor,2023-03-07
1092,Anna,Smith,2023-03-12
1093,Daniel,Smith,2023-04-06
1094,Chloe,Smith,2023-09-10
1095,Tom,Smith,2022-01-21
1096,Anna,Walker,2022-03-05
1097,James,Brown,2022-06-14
1098,Sophie,Lee,2022-01-27
1099,Anna,Brown,2022-11-07
1100,Ella,Martin,2022-10-12
1101,Chloe,Clark,2023-10-22
1102,James,Johnson,2022-10-08
1103,Ella,Lee,2022-06-13
1104,Tom,Lee,2022-08-12
1105,Ella,Brown,2022-05-26
1106,Maria,Lee,2022-01-30
1107,Maria,Hall,2022-02-14
1108,Alex,Hall,2023-04-16
1109,Daniel,Martin,2022-02-03
1110,Daniel,Johnson,2023-10-15
1111,James,Young,2023-03-03
1112,Tom,Walker,2022-08-09
1113,John,Brown,2023-06-18
1114,Maria,Walker,2023-11-23
1115,James,Young,2023-01-02
1116,John,Brown,2023-07-04
1117,Daniel,Brown,2023-08-05
1118,Alex,Johnson,2022-04-26
1119,Ella,Walker,2022-08-27
1120,Maria,Hall,2022-12-01
1121,James,Smith,2023-03-17
1122,Anna,Walker,2022-05-28
1123,John,Clark,2022-01-09
1124,Ella,Clark,2022-10-15
1125,Maria,Brown,2023-01-23
1126,Daniel,Smith,2022-02-19
1127,Tom,Taylor,2023-06-01
1128,John,Young,2023-09-30
1129,Daniel,Martin,2023-08-10
1130,Maria,Smith,2023-11-08
1131,John,Martin,2022-10-05
1132,Ella,Walker,2022-10-27
1133,Maria,Walker,2023-08-12
1134,Chloe,Martin,2023-10-11
1135,James,Young,2023-09-10
1136,Ella,Smith,2023-08-30
1137,John,Taylor,2022-05-15
1138,Tom,Brown,2023-08-03
1139,Daniel,Johnson,2022-05-27
1140,Anna,Walker,2023-05-05
1141,Daniel,Clark,2023-04-23
1142,John,Young,2022-06-08
1143,Daniel,Johnson,2023-01-19
1144,James,Taylor,2022-06-12
1145,Maria,Lee,2023-03-17
1146,Anna,Brown,2022-07-08
1147,Sophie,Walker,2023-02-19
1148,John,Brown,2022-12-05
1149,Alex,Johnson,2023-08-30
1150,Sophie,Brown,2022-06-30
1151,Daniel,Lee,2022-10-15
1152,John,Johnson,2022-07-06
1153,Chloe,Walker,2022-05-18
1154,Alex,Smith,2022-05-10
1155,Anna,Clark,2022-07-13
1156,Tom,Johnson,2022-11-12
1157,Chloe,Hall,2022-05-24
1158,Sophie,Lee,2022-01-16
1159,Maria,Johnson,2022-10-29
1160,James,Johnson,2023-02-27
1161,Tom,Hall,2022-09-02
1162,Chloe,Walker,2022-04-17
1163,Maria,Johnson,2022-03-29
1164,Maria,Clark,2022-05-09
1165,John,Brown,2022-12-07
1166,Chloe,Walker,2022-01-04
1167,Anna,Clark,2022-11-23
1168,Daniel,Walker,2023-02-14
1169,Alex,Clark,2022-11-02
1170,Alex,Lee,2023-08-30
1171,Sophie,Clark,2023-12-22
1172,Sophie,Martin,2022-08-13
1173,Alex,Clark,2022-12-14
1174,Anna,Smith,2022-11-17
1175,James,Smith,2023-07-13
1176,Ella,Young,2022-06-30
1177,Daniel,Martin,2023-09-10
1178,James,Martin,2023-12-12
1179,John,Brown,2023-01-21
1180,Ella,Martin,2023-09-10
1181,Ella,Brown,2022-04-18
1182,Chloe,Young,2023-06-15
1183,Anna,Young,2023-02-14
1184,Anna,Lee,2022-10-23
1185,Ella,Smith,2022-06-20
1186,Chloe,Clark,2022-11-27
1187,Daniel,Clark,2023-05-08
1188,Ella,Hall,2022-07-14
1189,Tom,Hall,2022-01-12
1190,Sophie,Taylor,2022-07-14
1191,Sophie,Walker,2023-05-05
1192,James,Lee,2022-07-01
1193,John,Taylor,2023-10-18
1194,Sophie,Taylor,2022-11-12
1195,Maria,Johnson,2023-11-25
1196,James,Johnson,2022-01-30
1197,Sophie,Taylor,2023-08-19
1198,John,Martin,2023-11-09
1199,Anna,Walker,2022-04-06
1200,Anna,Lee,2023-01-16
1201,Daniel,Taylor,2023-03-20
1202,Ella,Clark,2022-10-25
1203,Tom,Walker,2022-12-27
1204,Anna,Johnson,2023-01-09
1205,Chloe,Clark,2023-07-08
1206,Sophie,Johnson,2022-10-30
1207,Chloe,Johnson,2023-02-25
1208,John,Walker,2022-09-03
1209,Anna,Johnson,2023-12-21
1210,Tom,Young,2022-08-25
1211,John,Smith,2023-06-18
1212,Maria,Young,2022-07-04
1213,Maria,Smith,2023-04-13
1214,Chloe,Hall,2022-12-29
1215,Ella,Hall,2022-10-10
1216,James,Johnson,2023-07-07
1217,Ella,Lee,2022-12-02
1218,Daniel,Lee,2022-06-11
1219,Ella,Smith,2022-06-09
1220,Daniel,Clark,2023-04-19
1221,Daniel,Walker,2023-08-24
1222,Tom,Johnson,2022-11-18
1223,Anna,Walker,2022-01-12
1224,Tom,Young,2023-02-28
1225,Daniel,Lee,2022-03-14
1226,John,Martin,2023-08-11
1227,Maria,Young,2022-07-20
1228,Daniel,Young,2023-06-06
1229,Tom,Smith,2023-05-20
1230,John,Brown,2023-11-19
1231,Tom,Young,2022-02-08
1232,Ella,Johnson,2022-03-01
1233,Sophie,Taylor,2023-08-01
1234,Chloe,Taylor,2022-11-17
1235,James,Johnson,2023-03-11
1236,Tom,Brown,2023-09-28
1237,James,Brown,2023-11-07
1238,Alex,Smith,2023-02-12
1239,Tom,Lee,2023-01-21
1240,Sophie,Walker,2023-11-02
1241,James,Brown,2023-07-23
1242,Daniel,Martin,2022-03-19
1243,Tom,Smith,2022-07-13
1244,Anna,Hall,2022-10-12
1245,Chloe,Clark,2023-06-11
1246,Sophie,Hall,2023-06-08
1247,James,Smith,2023-09-05
1248,Sophie,Young,2022-06-05
1249,John,Walker,2022-12-06
1250,Chloe,Clark,2022-05-05
1251,Daniel,Hall,2022-10-07
1252,Tom,Clark,2023-09-14
1253,Tom,Martin,2023-10-20
1254,Tom,Martin,2023-12-29
1255,Chloe,Martin,2023-11-05
1256,Anna,Smith,2022-05-08
1257,Alex,Walker,2022-11-10
1258,Maria,Smith,2022-11-28
1259,Ella,Taylor,2022-05-30
1260,James,Young,2023-03-30
1261,Anna,Young,2022-02-05
1262,Daniel,Martin,2023-11-16
1263,James,Taylor,2023-02-24
1264,Tom,Brown,2022-01-22
1265,Sophie,Brown,2022-07-25
1266,Daniel,Martin,2023-10-01
1267,James,Hall,2022-12-22
1268,Tom,Smith,2023-03-16
1269,James,Martin,2023-12-30
1270,Sophie,Lee,2022-04-06
1271,Tom,Clark,2022-06-13
1272,Alex,Young,2022-05-28
1273,Anna,Brown,2023-06-14
1274,John,Johnson,2022-10-21
1275,Ella,Brown,2022-07-14
1276,Chloe,Young,2023-10-25
1277,Ella,Clark,2023-04-25
1278,Daniel,Young,2022-05-03
1279,Ella,Johnson,2023-02-04
1280,Tom,Martin,2023-11-30
1281,Alex,Taylor,2023-03-28
1282,John,Johnson,2023-10-23
1283,Anna,Young,2022-04-14
1284,Anna,Young,2023-04-07
1285,Sophie,Lee,2023-12-19
1286,Chloe,Lee,2023-12-11
1287,James,Walker,2023-01-31
1288,Alex,Lee,2022-12-03
1289,James,Smith,2023-08-22
1290,John,Taylor,2022-05-22
1291,Ella,Clark,2022-11-13
1292,Anna,Johnson,2023-12-12
1293,John,Young,2023-07-12
1294,Ella,Walker,2023-06-11
1295,Anna,Walker,2023-07-10
1296,Ella,Clark,2023-02-05
1297,Chloe,Taylor,2023-11-12
1298,Alex,Johnson,2022-11-06
1299,Daniel,Brown,2023-05-10
1300,John,Lee,2023-07-10
1301,John,Martin,2023-09-02
1302,Maria,Walker,2022-04-19
1303,Tom,Lee,2023-01-07
1304,Chloe,Lee,2023-09-08
1305,Chloe,Smith,2022-07-25
1306,James,Taylor,2022-02-12
1307,Ella,Martin,2022-09-02
1308,Tom,Brown,2022-10-14
1309,Alex,Young,2022-12-21
1310,Alex,Smith,2023-04-21
1311,Chloe,Lee,2022-03-24
1312,Alex,Lee,2022-04-20
1313,Maria,Hall,2022-07-09
1314,John,Martin,2022-09-08
1315,Sophie,Martin,2023-12-25
1316,Daniel,Hall,2022-10-18
1317,James,Martin,2023-10-07
1318,Ella,Lee,2022-07-20
1319,Daniel,Walker,2022-11-22
1320,Ella,Johnson,2023-05-26
1321,Anna,Lee,2023-02-13
1322,Daniel,Smith,2023-08-30
1323,Sophie,Taylor,2023-05-23
1324,Chloe,Hall,2023-08-24
1325,Maria,Brown,2022-03-13
1326,John,Young,2022-09-04
1327,John,Brown,2023-10-03
1328,Maria,Lee,2023-12-25
1329,Tom,Smith,2023-08-31
1330,Anna,Lee,2023-08-10
1331,Ella,Taylor,2023-07-20
1332,Sophie,Walker,2022-12-10
1333,Alex,Young,2022-02-23
1334,Daniel,Taylor,2023-12-31
1335,Anna,Hall,2023-06-12
1336,Daniel,Hall,2023-09-03
1337,Sophie,Lee,2023-06-16
1338,James,Smith,2023-07-12
1339,James,Taylor,2022-07-12
1340,Anna,Clark,2022-02-27
1341,Chloe,Smith,2023-03-13
1342,Sophie,Walker,2022-04-21
1343,Sophie,Hall,2022-05-09
1344,Maria,Lee,2023-12-07
1345,Chloe,Martin,2022-11-22
1346,Ella,Hall,2022-01-08
1347,Ella,Young,2022-01-29
1348,Alex,Johnson,2022-04-22
1349,John,Martin,2023-11-04
1350,James,Lee,2022-05-11
1351,Ella,Clark,2022-07-07
1352,Chloe,Martin,2023-11-06
1353,Sophie,Young,2023-12-10
1354,Ella,Smith,2023-04-20
1355,Sophie,Clark,2022-12-30
1356,Ella,Hall,2022-07-23
1357,James,Clark,2022-07-31
1358,Daniel,Taylor,2023-09-13
1359,Ella,Young,2022-10-03
1360,Chloe,Martin,2022-03-14
1361,Ella,Taylor,2023-11-10
1362,John,Clark,2022-08-31
1363,James,Taylor,2022-04-12
1364,Chloe,Brown,2023-11-16
1365,Maria,Young,2022-06-20
1366,Chloe,Walker,2023-10-15
1367,John,Smith,2022-07-07
1368,Daniel,Clark,2023-03-17
1369,James,Young,2022-03-27
1370,Maria,Walker,2023-04-21
1371,John,Walker,2022-02-21
1372,John,Lee,2022-04-21
1373,Anna,Taylor,2022-02-12
1374,James,Walker,2022-07-30
1375,Chloe,Brown,2022-07-19
1376,Sophie,Young,2023-09-19
1377,Daniel,Johnson,2022-01-26
1378,Sophie,Johnson,2022-10-26
1379,Chloe,Clark,2022-03-18
1380,Chloe,Hall,2022-05-17
1381,James,Taylor,2022-01-20
1382,Chloe,Hall,2023-03-16
1383,Anna,Walker,2022-07-30
1384,Maria,Young,2023-07-05
1385,Chloe,Clark,2023-03-11
1386,Sophie,Martin,2022-07-26
1387,Chloe,Walker,2023-03-15
1388,Anna,Taylor,2023-10-28
1389,Ella,Johnson,2022-02-11
1390,Ella,Lee,2023-02-15
1391,John,Young,2023-06-07
1392,Daniel,Smith,2023-09-02
1393,Alex,Hall,2023-03-03
1394,Maria,Clark,2022-10-02
1395,Tom,Hall,2023-03-24
1396,John,Young,2023-01-04
1397,Daniel,Hall,2022-08-08
1398,Ella,Young,2023-07-31
1399,Sophie,Hall,2022-08-20
1400,Tom,Brown,2022-11-24
1401,Daniel,Martin,2023-03-19
1402,Daniel,Walker,2022-02-21
1403,John,Walker,2023-01-11
1404,Tom,Taylor,2022-09-20
1405,James,Smith,2022-09-24
1406,Alex,Smith,2022-12-25
1407,James,Taylor,2022-11-13
1408,Tom,Lee,2022-11-20
1409,James,Walker,2023-10-28
1410,Anna,Lee,2023-10-14
1411,Ella,Young,2023-07-17
1412,Anna,Young,2023-09-21
1413,Chloe,Johnson,2023-02-25
1414,James,Hall,2022-02-15
1415,Chloe,Smith,2023-08-23
1416,Sophie,Johnson,2023-12-21
1417,Maria,Martin,2022-09-26
1418,Sophie,Taylor,2023-08-24
1419,Tom,Taylor,2023-01-16
1420,Daniel,Young,2022-04-28
1421,Ella,Walker,2023-07-20
1422,James,Lee,2022-04-26
1423,John,Smith,2023-09-22
1424,Maria,Johnson,2022-09-17
1425,Alex,Lee,2022-03-16
1426,Alex,Johnson,2023-04-25
1427,Alex,Hall,2022-11-01
1428,James,Martin,2022-01-07
1429,Alex,Martin,2023-01-01
1430,Anna,Lee,2023-09-26
1431,Maria,Lee,2023-06-07
1432,Anna,Lee,2022-12-14
1433,Daniel,Johnson,2023-03-14
1434,Maria,Hall,2022-08-03
1435,Anna,Brown,2023-03-05
1436,Maria,Lee,2023-05-13
1437,Daniel,Walker,2023-06-24
1438,Chloe,Smith,2023-01-02
1439,James,Smith,2022-11-09
1440,James,Johnson,2023-06-22
1441,Alex,Lee,2022-02-23
1442,Sophie,Young,2023-06-25
1443,Alex,Taylor,2023-04-12
1444,Tom,Brown,2022-06-13
1445,Anna,Walker,2022-11-30
1446,Maria,Hall,2023-07-01
1447,Sophie,Young,2022-12-14
1448,Daniel,Martin,2022-09-30
1449,Tom,Young,2023-12-21
1450,Daniel,Johnson,2023-02-18
1451,James,Brown,2023-05-15
1452,James,Clark,2022-04-03
1453,Alex,Clark,2023-11-16
1454,Anna,Lee,2022-03-20
1455,Sophie,Lee,2023-09-14
1456,Ella,Johnson,2022-08-05
1457,Tom,Hall,2022-12-24
1458,Tom,Lee,2023-09-10
1459,Alex,Taylor,2023-05-22
1460,James,Brown,2023-07-13
1461,Alex,Johnson,2022-06-30
1462,Maria,Smith,2023-07-30
1463,Sophie,Martin,2022-09-03
1464,Anna,Johnson,2022-09-01
1465,Chloe,Johnson,2023-05-21
1466,John,Clark,2023-02-26
1467,John,Walker,2022-11-16
1468,Alex,Hall,2022-03-28
1469,Maria,Walker,2022-08-05
1470,Sophie,Taylor,2023-05-05
1471,Ella,Smith,2023-06-03
1472,John,Clark,2022-10-05
1473,Sophie,Smith,2023-12-23
1474,Anna,Taylor,2022-06-18
1475,Daniel,Walker,2022-11-26
1476,Maria,Johnson,2023-10-12
1477,James,Lee,2023-03-17
1478,Sophie,Lee,2023-01-26
1479,Anna,Young,2023-05-11
1480,Ella,Martin,2023-01-16
1481,Chloe,Hall,2022-11-02
1482,James,Taylor,2023-11-04
1483,Chloe,Martin,2023-05-28
1484,Ella,Hall,2022-07-07
1485,Anna,Martin,2023-05-31
1486,John,Walker,2023-10-06
1487,Chloe,Hall,2023-03-03
1488,James,Walker,2023-05-17
1489,Alex,Johnson,2023-12-31
1490,Tom,Clark,2022-09-17
1491,Sophie,Walker,2023-05-28
1492,John,Lee,2022-03-12
1493,Chloe,Martin,2023-04-23
1494,Daniel,Young,2022-06-27
1495,Sophie,Brown,2023-04-02
1496,Alex,Hall,2022-07-08
1497,Ella,Taylor,2022-10-18
1498,Tom,Young,2023-06-04
1499,Anna,Lee,2022-10-19
1500,Alex,Walker,2023-09-27
1501,Alex,Clark,2022-10-10
1502,Ella,Johnson,2023-06-28
1503,Maria,Brown,2023-01-12
1504,Ella,Smith,2023-10-20
1505,Maria,Young,2022-06-05
1506,Maria,Clark,2023-05-23
1507,John,Smith,2023-02-17
1508,John,Brown,2023-06-12
1509,James,Taylor,2022-12-21
1510,Chloe,Taylor,2023-07-13
1511,Chloe,Martin,2022-07-06
1512,Anna,Brown,2022-01-31
1513,Chloe,Brown,2022-09-17
1514,John,Smith,2023-02-25
1515,James,Clark,2023-06-13
1516,James,Hall,2023-07-05
1517,Maria,Smith,2022-10-31
1518,Ella,Johnson,2022-02-08
1519,Anna,Taylor,2023-05-04
1520,Maria,Taylor,2023-10-06
1521,Ella,Martin,2023-06-26
1522,Chloe,Johnson,2023-11-01
1523,Maria,Taylor,2022-10-05
1524,Sophie,Smith,2022-07-22
1525,Chloe,Johnson,2022-03-07
1526,Ella,Smith,2022-04-18
1527,Anna,Hall,2022-09-25
1528,Ella,Hall,2022-08-10
1529,Maria,Taylor,2023-06-14
1530,Maria,Taylor,2022-03-31
1531,Alex,Clark,2023-11-24
1532,Anna,Hall,2022-09-12
1533,Daniel,Young,2023-03-31
1534,Chloe,Young,2022-09-10
1535,James,Martin,2022-09-14
1536,Anna,Hall,2023-01-18
1537,James,Smith,2023-03-18
1538,Anna,Smith,2023-08-22
1539,Anna,Lee,2022-03-31
1540,Ella,Johnson,2023-01-25
1541,Anna,Walker,2023-08-05
1542,Alex,Young,2022-02-13
1543,Daniel,Taylor,2023-12-13
1544,Maria,Martin,2023-10-26
1545,Tom,Walker,2023-08-21
1546,James,Brown,2022-01-19
1547,Maria,Martin,2022-04-11
1548,Tom,Brown,2023-08-30
1549,Daniel,Hall,2022-12-23
1550,Daniel,Brown,2023-06-26
1551,James,Brown,2022-02-02
1552,James,Clark,2022-08-17
1553,Daniel,Clark,2023-06-08
1554,Tom,Clark,2023-09-22
1555,Anna,Hall,2022-06-04
1556,Chloe,Walker,2023-02-27
1557,Sophie,Martin,2022-09-03
1558,Maria,Martin,2023-02-09
1559,Ella,Taylor,2023-06-25
1560,Maria,Clark,2022-06-10
1561,Ella,Hall,2023-12-03
1562,Tom,Taylor,2022-04-27
1563,Ella,Johnson,2022-09-28
1564,James,Taylor,2023-11-23
1565,Chloe,Walker,2023-05-02
1566,Chloe,Young,2022-06-21
1567,James,Brown,2022-10-01
1568,Alex,Clark,2022-09-16
1569,Tom,Young,2022-05-15
1570,Alex,Taylor,2023-11-14
1571,Alex,Hall,2023-12-23
1572,Maria,Brown,2023-02-26
1573,Daniel,Martin,2023-02-25
1574,Maria,Smith,2022-07-05
1575,Daniel,Brown,2022-12-30
1576,Sophie,Walker,2023-08-30
1577,Ella,Walker,2023-01-13
1578,Daniel,Taylor,2023-06-07
1579,James,Johnson,2023-08-03
1580,Maria,Walker,2023-12-23
1581,Tom,Walker,2022-07-15
1582,Ella,Hall,2022-04-08
1583,Sophie,Taylor,2023-08-28
1584,Daniel,Brown,2022-01-22
1585,Sophie,Johnson,2023-03-26
1586,Tom,Young,2022-06-21
1587,Alex,Smith,2023-01-18
1588,Chloe,Clark,2022-05-14
1589,Tom,Martin,2023-03-02
1590,John,Walker,2022-01-25
1591,Tom,Taylor,2023-05-18
1592,Sophie,Clark,2022-07-04
1593,James,Martin,2022-03-26
1594,Maria,Martin,2023-07-21
1595,James,Young,2022-05-24
1596,Sophie,Young,2023-11-10
1597,Maria,Young,2023-02-16
1598,John,Lee,2022-08-12
1599,Chloe,Lee,2022-08-08
1600,Ella,Martin,2022-06-28
1601,Sophie,Young,2023-09-23
1602,Daniel,Hall,2023-03-09
1603,Sophie,Walker,2022-09-22
1604,Sophie,Clark,2023-03-05
1605,Maria,Clark,2023-10-24
1606,Anna,Lee,2023-02-20
1607,Tom,Martin,2023-03-29
1608,Anna,Taylor,2023-12-28
1609,John,Brown,2022-07-16
1610,Daniel,Brown,2023-07-08
1611,Chloe,Lee,2022-02-22
1612,Alex,Taylor,2023-04-25
1613,John,Lee,2023-03-19
1614,Alex,Brown,2022-11-26
1615,Alex,Taylor,2022-09-08
1616,Chloe,Young,2022-05-03
1617,James,Martin,2023-01-22
1618,Anna,Clark,2022-12-05
1619,Sophie,Hall,2022-12-14
1620,Ella,Johnson,2022-01-29
1621,Alex,Martin,2022-02-04
1622,Daniel,Young,2023-06-02
1623,John,Brown,2023-01-31
1624,James,Young,2023-09-15
1625,Alex,Lee,2022-10-21
1626,James,Taylor,2023-08-12
1627,James,Clark,2022-12-15
1628,Alex,Walker,2022-05-27
1629,Maria,Lee,2022-03-08
1630,Tom,Martin,2023-06-04
1631,Daniel,Lee,2022-05-02
1632,Sophie,Martin,2022-12-06
1633,Sophie,Walker,2022-06-24
1634,Daniel,Smith,2023-11-22
1635,Maria,Clark,2023-08-20
1636,Sophie,Hall,2023-03-27
1637,James,Hall,2023-07-11
1638,Chloe,Johnson,2022-05-16
1639,John,Young,2022-01-16
1640,Anna,Smith,2022-11-29
1641,Sophie,Hall,2022-07-14
1642,Daniel,Lee,2023-05-11
1643,Chloe,Young,2022-01-09
1644,Alex,Smith,2022-11-30
1645,Tom,Taylor,2022-11-29
1646,Daniel,Taylor,2022-11-23
1647,James,Young,2022-01-15
1648,Tom,Martin,2023-09-06
1649,John,Martin,2022-08-14
1650,John,Lee,2023-03-01
1651,Maria,Smith,2023-02-12
1652,Ella,Smith,2022-04-23
1653,Maria,Young,2023-03-04
1654,Chloe,Brown,2022-01-01
1655,Tom,Taylor,2022-09-23
1656,Ella,Smith,2023-05-06
1657,Alex,Young,2022-07-27
1658,James,Walker,2023-09-14
1659,Tom,Johnson,2023-12-13
1660,Maria,Walker,2023-01-04
1661,Anna,Clark,2022-11-02
1662,Ella,Lee,2022-01-12
1663,Ella,Smith,2022-12-11
1664,James,Clark,2023-04-10
1665,Sophie,Hall,2023-12-01
1666,John,Clark,2023-10-28
1667,John,Young,2023-05-09
1668,Anna,Smith,2023-01-03
1669,Chloe,Johnson,2023-02-24
1670,Chloe,Young,2022-06-20
1671,Alex,Young,2022-05-14
1672,Tom,Lee,2023-03-03
1673,Daniel,Lee,2022-01-25
1674,Sophie,Taylor,2023-06-14
1675,Maria,Taylor,2022-07-09
1676,Daniel,Martin,2022-05-21
1677,Daniel,Brown,2023-07-09
1678,Ella,Smith,2023-10-20
1679,Anna,Smith,2022-11-11
1680,John,Clark,2023-03-20
1681,Alex,Smith,2022-11-15
1682,Chloe,Smith,2023-03-17
1683,Anna,Brown,2022-04-02
1684,Ella,Hall,2022-06-28
1685,Maria,Taylor,2022-02-25
1686,Alex,Taylor,2022-06-04
1687,Ella,Johnson,2023-11-03
1688,John,Smith,2022-04-21
1689,John,Brown,2022-05-17
1690,John,Taylor,2022-08-20
1691,Anna,Brown,2023-04-13
1692,Anna,Walker,2023-04-26
1693,Chloe,Hall,2022-03-09
1694,Chloe,Smith,2022-09-06
1695,Maria,Johnson,2022-11-19
1696,Alex,Clark,2023-06-02
1697,James,Taylor,2023-03-08
1698,James,Walker,2023-05-02
1699,Ella,Brown,2023-08-29
1700,John,Lee,2023-03-05
1701,Alex,Young,2022-09-26
1702,Daniel,Smith,2023-12-10
1703,Anna,Smith,2023-06-21
1704,Tom,Walker,2022-05-28
1705,Sophie,Brown,2022-04-28
1706,Maria,Martin,2023-01-02
1707,John,Smith,2022-03-07
1708,John,Martin,2023-01-05
1709,John,Lee,2022-06-24
1710,Anna,Walker,2023-08-11
1711,Anna,Brown,2023-05-10
1712,Sophie,Brown,2022-04-24
1713,Daniel,Hall,2022-04-21
1714,Alex,Young,2023-03-15
1715,John,Taylor,2023-12-16
1716,James,Taylor,2022-05-27
1717,Chloe,Clark,2022-02-04
1718,James,Johnson,2022-11-05
1719,Ella,Walker,2023-06-22
1720,James,Lee,2022-01-14
1721,Ella,Brown,2023-01-09
1722,Tom,Young,2023-07-11
1723,Chloe,Martin,2023-03-04
1724,James,Walker,2023-12-29
1725,Tom,Clark,2022-08-21
1726,Maria,Walker,2023-12-06
1727,Alex,Clark,2023-07-17
1728,Tom,Brown,2023-12-27
1729,Alex,Johnson,2023-10-25
1730,James,Clark,2023-03-16
1731,Daniel,Brown,2023-05-17
1732,Tom,Brown,2022-10-02
1733,Chloe,Johnson,2022-03-17
1734,James,Taylor,2023-03-15
1735,John,Walker,2023-11-30
1736,Anna,Smith,2022-10-16
1737,Tom,Smith,2023-06-24
1738,Chloe,Martin,2023-11-23
1739,Maria,Martin,2022-09-10
1740,John,Smith,2022-05-06
1741,Maria,Lee,2022-06-26
1742,James,Smith,2022-02-06
1743,Anna,Martin,2023-02-14
1744,Tom,Young,2023-09-03
1745,Tom,Martin,2023-09-02
1746,Daniel,Lee,2022-05-07
1747,Daniel,Walker,2023-04-28
1748,James,Smith,2022-06-17
1749,James,Johnson,2023-08-15
1750,Anna,Young,2022-10-21
1751,Daniel,Brown,2023-09-30
1752,Chloe,Lee,2022-12-09
1753,Chloe,Martin,2022-11-06
1754,Anna,Johnson,2023-10-24
1755,Chloe,Clark,2023-06-12
1756,Ella,Taylor,2023-06-24
1757,Alex,Smith,2023-02-23
1758,Anna,Taylor,2023-03-20
1759,Anna,Lee,2023-11-16
1760,Sophie,Clark,2023-07-12
1761,John,Clark,2022-08-24
1762,John,Clark,2023-03-15
1763,Ella,Brown,2022-08-02
1764,Daniel,Lee,2022-03-26
1765,James,Walker,2022-03-26
1766,James,Taylor,2023-05-04
1767,Maria,Walker,2022-03-06
1768,Ella,Johnson,2023-10-08
1769,Anna,Hall,2023-10-25
1770,Ella,Young,2023-09-19
1771,Ella,Young,2022-03-05
1772,Ella,Walker,2022-12-09
1773,John,Hall,2022-12-18
1774,Ella,Hall,2022-06-07
1775,Alex,Smith,2023-08-12
1776,James,Johnson,2023-05-06
1777,Maria,Lee,2023-10-20
1778,Alex,Hall,2023-04-08
1779,Maria,Martin,2022-08-13
1780,Sophie,Young,2022-11-09
1781,Maria,Martin,2023-09-07
1782,James,Johnson,2023-04-11
1783,James,Hall,2022-03-29
1784,Ella,Taylor,2022-10-30
1785,Tom,Young,2023-11-11
1786,Sophie,Smith,2023-03-11
1787,Anna,Smith,2023-11-13
1788,Chloe,Clark,2022-05-15
1789,Maria,Brown,2022-02-19
1790,Tom,Hall,2023-03-08
1791,Ella,Johnson,2022-12-06
1792,John,Young,2022-12-13
1793,Anna,Brown,2023-10-08
1794,Daniel,Johnson,2022-12-13
1795,Tom,Walker,2023-10-11
1796,John,Hall,2022-09-02
1797,Sophie,Lee,2022-04-19
1798,Ella,Lee,2023-06-17
1799,Anna,Hall,2022-03-31
1800,Anna,Clark,2022-10-23
1801,Anna,Clark,2022-04-22
1802,Sophie,Lee,2023-08-12
1803,Maria,Taylor,2022-06-26
1804,Daniel,Young,2022-12-09
1805,Sophie,Lee,2023-10-22
1806,Chloe,Taylor,2022-04-11
1807,Daniel,Brown,2023-09-21
1808,James,Taylor,2023-08-27
1809,Ella,Brown,2023-02-05
1810,Sophie,Johnson,2022-01-28
1811,John,Martin,2023-06-21
1812,Daniel,Johnson,2022-02-27
1813,Chloe,Lee,2023-05-13
1814,James,Brown,2022-10-24
1815,Maria,Lee,2022-05-14
1816,John,Hall,2022-11-27
1817,Daniel,Young,2022-09-06
1818,Ella,Smith,2023-07-04
1819,John,Lee,2022-03-16
1820,James,Young,2023-10-16
1821,John,Taylor,2022-06-17
1822,Alex,Johnson,2023-05-18
1823,Tom,Taylor,2022-12-21
1824,Maria,Smith,2022-08-13
1825,James,Brown,2023-10-26
1826,John,Hall,2023-06-15
1827,Tom,Young,2022-05-26
1828,Tom,Hall,2022-08-29
1829,John,Martin,2022-12-10
1830,Ella,Lee,2022-02-04
1831,Alex,Brown,2023-12-03
1832,Sophie,Martin,2022-01-01
1833,Alex,Walker,2022-06-02
1834,John,Lee,2023-03-05
1835,Maria,Taylor,2023-05-23
1836,Sophie,Johnson,2022-05-06
1837,James,Young,2023-05-06
1838,Alex,Smith,2023-04-27
1839,John,Smith,2022-12-11
1840,Alex,Taylor,2022-08-09
1841,Sophie,Clark,2023-12-24
1842,Chloe,Smith,2022-01-25
1843,Daniel,Young,2023-06-12
1844,Alex,Taylor,2022-07-01
1845,James,Brown,2023-05-14
1846,James,Smith,2023-10-03
1847,Anna,Hall,2022-02-11
1848,Alex,Taylor,2023-04-26
1849,Daniel,Young,2023-03-15
1850,Ella,Hall,2023-02-06
1851,Tom,Lee,2023-06-30
1852,Daniel,Lee,2022-12-11
1853,Tom,Smith,2022-02-14
1854,Tom,Hall,2023-10-08
1855,Chloe,Johnson,2022-01-21
1856,Anna,Lee,2023-09-26
1857,Daniel,Johnson,2022-03-11
1858,Daniel,Brown,2022-02-17
1859,Chloe,Taylor,2023-05-06
1860,Alex,Martin,2023-07-05
1861,Alex,Young,2022-10-14
1862,Alex,Taylor,2022-01-10
1863,Maria,Young,2023-06-26
1864,Tom,Hall,2022-10-01
1865,Maria,Brown,2023-08-23
1866,Anna,Walker,2023-01-16
1867,Chloe,Smith,2022-11-25
1868,Daniel,Young,2023-04-24
1869,Tom,Young,2022-01-15
1870,Maria,Hall,2023-05-31
1871,Maria,Johnson,2022-07-10
1872,John,Taylor,2022-06-17
1873,Maria,Walker,2023-06-05
1874,Ella,Clark,2023-09-13
1875,Daniel,Smith,2022-05-17
1876,Ella,Martin,2022-06-03
1877,Daniel,Clark,2023-01-23
1878,Chloe,Taylor,2022-07-28
1879,Daniel,Smith,2022-09-29
1880,Ella,Young,2022-05-23
1881,Daniel,Martin,2023-09-03
1882,Chloe,Johnson,2022-03-10
1883,Chloe,Walker,2022-09-04
1884,Anna,Johnson,2022-09-18
1885,Daniel,Brown,2022-03-20
1886,John,Hall,2023-10-20
1887,Alex,Smith,2023-09-15
1888,James,Johnson,2023-08-28
1889,Chloe,Clark,2023-06-09
1890,Sophie,Hall,2023-09-13
1891,Alex,Johnson,2022-11-26
1892,Tom,Lee,2022-07-08
1893,Daniel,Brown,2022-04-05
1894,Ella,Taylor,2023-09-09
1895,James,Walker,2022-01-08
1896,Sophie,Brown,2022-03-08
1897,Alex,Hall,2023-05-11
1898,Daniel,Lee,2022-07-10
1899,Anna,Smith,2023-01-01
1900,Tom,Clark,2023-06-05
1901,James,Walker,2022-04-27
1902,John,Walker,2022-09-24
1903,Anna,Brown,2023-09-03
1904,Sophie,Hall,2023-04-30
1905,James,Smith,2023-05-24
1906,Anna,Young,2022-10-25
1907,Tom,Lee,2022-06-13
1908,John,Young,2023-01-11
1909,Anna,Clark,2023-10-15
1910,Maria,Smith,2022-09-25
1911,John,Smith,2023-07-03
1912,Sophie,Lee,2022-03-15
1913,Tom,Martin,2023-05-23
1914,Daniel,Young,2022-03-14
1915,Ella,Johnson,2022-11-04
1916,Ella,Walker,2022-07-18
1917,Ella,Martin,2022-05-10
1918,James,Johnson,2023-07-26
1919,Sophie,Hall,2023-09-07
1920,Tom,Lee,2023-05-02
1921,John,Hall,2022-05-31
1922,James,Walker,2023-10-31
1923,Sophie,Taylor,2022-07-25
1924,Daniel,Johnson,2022-06-28
1925,Maria,Martin,2022-07-16
1926,Tom,Johnson,2022-03-30
1927,Ella,Johnson,2023-03-10
1928,Anna,Lee,2022-07-02
1929,Tom,Hall,2022-07-28
1930,Chloe,Young,2023-05-08
1931,Sophie,Taylor,2022-05-10
1932,Alex,Lee,2023-10-27
1933,Daniel,Clark,2022-01-13
1934,Maria,Lee,2023-09-26
1935,Daniel,Walker,2022-04-16
1936,Tom,Taylor,2023-01-10
1937,Alex,Smith,2023-08-05
1938,Chloe,Clark,2023-12-08
1939,John,Brown,2023-11-29
1940,Anna,Lee,2022-04-09
1941,Alex,Johnson,2023-08-17
1942,Sophie,Young,2023-08-10
1943,Ella,Smith,2022-07-11
1944,Chloe,Lee,2022-11-21
1945,Anna,Lee,2023-12-27
1946,Maria,Martin,2023-04-12
1947,Ella,Martin,2023-01-02
1948,Tom,Smith,2022-11-14
1949,Alex,Hall,2022-05-24
1950,Anna,Martin,2023-01-19
1951,James,Johnson,2022-08-04
1952,John,Clark,2022-12-27
1953,John,Brown,2022-11-20
1954,Chloe,Taylor,2022-01-15
1955,Maria,Brown,2022-08-05
1956,Chloe,Brown,2023-05-07
1957,James,Taylor,2023-07-01
1958,Sophie,Martin,2022-07-02
1959,Maria,Smith,2022-09-27
1960,Daniel,Taylor,2023-04-12
1961,Sophie,Walker,2023-09-04
1962,Maria,Hall,2023-06-03
1963,Maria,Clark,2023-06-26
1964,James,Young,2023-04-12
1965,Tom,Martin,2022-11-01
1966,James,Hall,2022-05-24
1967,Maria,Taylor,2022-04-21
1968,Anna,Walker,2022-08-20
1969,Sophie,Young,2023-11-22
1970,James,Clark,2023-08-07
1971,Tom,Clark,2023-12-23
1972,Alex,Martin,2023-08-15
1973,Chloe,Taylor,2023-05-15
1974,Maria,Hall,2023-08-18
1975,Daniel,Smith,2023-07-08
1976,Alex,Hall,2022-09-30
1977,John,Hall,2023-12-04
1978,Ella,Clark,2022-06-22
1979,Tom,Smith,2022-01-07
1980,Daniel,Smith,2022-06-04
1981,Ella,Martin,2023-06-06
1982,Tom,Young,2023-06-30
1983,Anna,Lee,2023-07-02
1984,Chloe,Brown,2023-06-02
1985,Alex,Brown,2022-08-03
1986,Sophie,Clark,2022-05-14
1987,Tom,Lee,2022-10-12
1988,Sophie,Young,2022-05-06
1989,Chloe,Lee,2023-03-15
1990,Maria,Martin,2023-11-17
1991,John,Hall,2022-06-01
1992,Alex,Clark,2022-11-27
1993,Chloe,Smith,2023-06-22
1994,Chloe,Clark,2023-01-18
1995,Anna,Brown,2022-04-25
1996,Ella,Young,2023-04-27
1997,John,Lee,2022-10-11
1998,Alex,Young,2022-03-16
1999,Maria,Martin,2022-06-15
2000,Maria,Clark,2022-07-08
